{"y+g0UcSQlEDzSwKs+tq6ZQ==":"whitewave-140x113.png","saaqAgIGrBikH2cMXp80yA==":"earth-2000x1331.jpg","+4vRsvc6wHEBSJo6yHb0VA==":"leaves-1108x739.jpg","mtmhokjLIMtd6T6wdlnmkg==":"planting-1108x635.jpg","9hjLezFOpv26WIUOEZE3lg==":"earthqr-2000x2000.png","DlPlgW8bTduwYMyC3vEp7w==":"wave-1242x1000.png","KQiNtuCY05DaxqW6Q+UTbQ==":"leaves-1582x1055.jpg","znuSxjw2Uew1dIH9UBevlw==":"planting-2000x1145.jpg","oWXWeFrYXkNr+U1KzLgc2w==":"css-1280x853.jpg","KyLK+gIkpE6aDJMaihHZqw==":"pier-696x464.jpg","CqRZAuDK4jmc3ciTGT+H6g==":"water-696x464.jpg","lRDPV41uB1QdL/QsnuQDbQ==":"pismozone-634x1000.jpg","cWcFl6P8pEK4OktKKRpKAQ==":"pismozone-634x1000.jpeg","uhPKIBUckyPe+j9Ck/2+ww==":"wdmeps-720x1120.jpg","NEhK2dh7Kw1hhvuOr1HZpA==":"videogaming-2000x1333.jpeg","SH4nlXUK6uOK40LYTcKJTA==":"clashofclans1-2000x924.jpg","SCyJ5ay4tNVZCEn3SRyrnQ==":"mediablock-buzzybees-600x360.jpg","XIqmo1zBSyK7QgH5oBNpIQ==":"mediablock-buzzybees-600x360.jpeg","XFu3HKu8jyL3M9nYJHu8bw==":"mediablock-buzzybees-1-600x360.jpeg","t7stpCz8wd4IkwNVKBw/1g==":"mediablock-buzzybees-2-600x360.jpeg","jkMHpjNJM9VdT1LHGsj1Qg==":"mediablock-buzzybees-3-600x360.jpeg","U+FHRAuXJR25N7wOvs9rrQ==":"mediablock-buzzybees-4-600x360.jpeg","Lq1BmZyfIQsSXfHGW7cD/Q==":"wdmgx-2000x1333.jpg","pljGq6dXoRTQq7+ON5aaOA==":"wdmstreaming-1080x1080.png","ZDYUyhcUoF9819ZDSVx3Iw==":"wdmgxpwa-140x140.png","9kBPtpACwIE45EM8EbMbCQ==":"wdmgxpwa-1080x1080.png","FXDftR+EqwhGfGGeqWP4SQ==":"videogaming-2000x1333.jpg"}